NAME,LOCATION,SIZE,COLOR,COST,SOLD,SITE
Asu Rosebowl 1987 tshirt,YELLOW BLACK 4,,,,,
Psalm 150 Tshirt,YELLOW BLACK 4,,,,,
J Crew Two Horses sweatshirt,YELLOW BLACK 4,,,,,
Broadway vintage long-sleeve face flag,YELLOW BLACK 4,,,,,
AIO fraternity sweatshirt blue grey,YELLOW BLACK 4,,,,,
Triumph Green japan tshirt,YELLOW BLACK 4,,,,,
Dukes Huntington Beach surfboard,YELLOW BLACK 4,,,,,
Billabong center logo plaid looking wave,YELLOW BLACK 4,,,,,
Matt umanov lucky brand vintage tshirt,YELLOW BLACK 4,,,,,
Quicksilver blue tshirt,YELLOW BLACK 4,,,,,
Triumph British flag vintage,YELLOW BLACK 4,,,,,
Union bay cargo shorts,YELLOW BLACK 4,,,,,
Charlie Daniels I told you devil tshirt,YELLOW BLACK 4,,,,,
Charlie daniels 1999 concert tshirt,YELLOW BLACK 4,,,,,
ZOOPER Australia all over print t-shirt,YELLOW BLACK 4,,,,,
Three snowman red sweatshirt Whitmore,YELLOW BLACK 4,,,,,
SEATTLE Blue sweatshirt space needle,YELLOW BLACK 4,,,,,
Star wars Beatles Abbey Road lego,YELLOW BLACK 4,,,,,
Minnesota bling tshirt,YELLOW BLACK 4,,,,,
Harley vintage tanktop lace 1989,YELLOW BLACK 4,,,,,
Orange Harley-Davidson Kingman tshirt,YELLOW BLACK 4,,,,,
Tony hawk xxl tanktop,YELLOW BLACK 4,,,,,
Shoeless Joe Jackson single stitch t-shirt,YELLOW BLACK 4,,,,,
Kappa Delta Purple tshirt,YELLOW BLACK 4,,,,,
The Hundreds Stay Informed tshirt,YELLOW BLACK 4,,,,,
Black Ice Metal Hatdcore Tshirt,YELLOW BLACK 4,,,,,
Eddie Bauer womens sweater,YELLOW BLACK 4,,,,,
Mark Grace foundation signed Tshirt,YELLOW BLACK 4,,,,,
Ernest Young Sweatshirt,YELLOW BLACK 4,,,,,
Polo Turtleneck blue red spellout,YELLOW BLACK 4,,,,,
Kids youth john deere overall,YELLOW BLACK 4,,,,,
Crop tops marvel & dr who poshmark bundle,YELLOW BLACK 4,,,,,
New York crop 1992 & marvel dress poshmark bundle,YELLOW BLACK 4,,,,,
Dallas beanie script,YELLOW BLACK 4,,,,,
Polo pullover spellout bleach spot,YELLOW BLACK 4,,,,,
No bad days fishing tshirt,YELLOW BLACK 4,,,,,
JAG 80s Florescent shorts,YELLOW BLACK 4,,,,,
Virginia sweatshirt Russell Athletic,YB D,,,,,
Burton hoodie,YB D,,,,,
North Carolina diamond sweatshirt,YB D,,,,,
Levis 510 black & black patch jeans 31 32,YB D,,,,,
505 Levi's Denim 32 x 30,YB D,,,,,
Bugle Boy black denim jeans,YB D,,,,,
Jerzees Christmas tree sweatshirt large,YB D,,,,,
Wisconsin started sweatshirt XL,YB D,,,,,
Harvard University hoodie discus medium,YB D,,,,,
Mizzou Jan sport xl sweatshirt,YB D,,,,,
Polo zip up hoodie jacket plaid XLT,YB D,,,,,
Polo red pull over medium long sleeve,YB D,,,,,
Womens cheifs hoodie nfl,YB D,,,,,
Luther college champion hoodie xl,YB D,,,,,
Arizona pink Victoria Secret fishnet v neck,YB D,,,,,
Horse national 1994 sweatshirt horse graphic,YB D,,,,,
Chicago Bears embroidered sweatshirt spellout,YB D,,,,,
Black Pink Sundevils,YB D,,,,,
Billie Eilish sweatpants world tour L,YB G,,,,,
Cabela's Flannel Brown Green flannel L,YB G,,,,,
Chargers Hoodie hands high lightning bolt graphic L zipup,YB G,,,,,
Chargers team apparel hoodie zipup,YB G,,,,,
Lightning bolt graphic,YB G,,,,,
Adidas 3 stripe blue green sweatpants L,YB G,,,,,
Russell Athletic bleach stain cuffs hoodie zipup,YB G,,,,,
Corduroy Winnie Tigger eyore button up,YB G,,,,,
Polo Golf pullover XL two clubs cross,YB G,,,,,
Women's Harley Davidson rhinestone heart graphic M,YB G,,,,,
Beach shirt women's plush attachment art tag,YB G,,,,,
Mustard Plug grand rapids Michigan L tshirt,YB G,,,,,
All Over Print Stonewashed Cave Painting Hieroglyphics Print Tshirt L,YB G,,,,,
St Louis Rams Helmet tshirt NFL tag red,YB G,,,,,
Pierre Paul Giants jersey women's L,YB G,,,,,
Cheeseburgers in paradise Maui Jimmy Buffett tshirt,YB G,,,,,
Red Indian Face warrior graphic T-shirt,YB G,,,,,
Orange Nick NWT tank hoodie,YB G,,,,,
New Orleans One size Jazz black vintage single stitch skeleton,YB G,,,,,
Jacklyn Smith multi color sweater button look pullover,YB G,,,,,
Adidas NWT 3 Stripe black track pants,YB G,,,,,
Butterfinger vintage single stitch t-shirt,YB G,,,,,
Not a beer belly it's a hunting machine tshirt,YB G,,,,,
Native American life born tshirt saying green single stitch fruit of the loom,YB G,,,,,
Mcdonalds hamburger University single stitch t-shirt,YB G,,,,,
Sig flags thrillseeker I love to ride tshirt,YB G,,,,,
San Diego zoo gorilla face tshirt,YB G,,,,,
Harley-Davidson long sleeve Harley Women's,YB G,,,,,
LED ZEPPELIN UNITED States anvil tag 2003 copyright,YB G,,,,,
Green Quebec aztec all around print Canadiana Irwin Specialties,YB G,,,,,
Polo Jeans company RL script Sweatshirt,YB 5,,,,,
Crimson Tide Pink hoodie,YB 5,,,,,
DUKE hoodie,YB 5,,,,,
UCONN Connecticut Women's Champion,YB 5,,,,,
UCONN Mens final four tshirt,YB 5,,,,,
PLAID VINTAGE GOLFER PANTS RED GREY,YB 5,,,,,
BEATLES JEAN HOODIE ABBEY ROAD,YB 5,,,,,
Levi denim shorts flip pockets,YB 5,,,,,
Blue Bugleboy sweatshirt,YB 5,,,,,
Superbowl XXX 1995 sweatshirt green distressed,YB 5,,,,,
Santa GS sport USA Jerry Garcia look alike sweatshirt,YB 5,,,,,
VINTAGE USA cat sweatshirt best time,YB 5,,,,,
Christmas,YB 5,,,,,
Big Dogs Black Embroidered spellout sweatshirt,YB 5,,,,,
Vintage Rusty Surf hoodie,YB 5,,,,,
Sturgis 2002 Eagle tank,YB 5,,,,,
Margaritaville 5 o'clock tank,YB 5,,,,,
Who shot JR tshirt,YB 5,,,,,
Freddy Jason Tshirt,YB 5,,,,,
RED cable knit chaps sweater,YB 5,,,,,
2012 Iron maiden cutoff sleeve tshirt,YB 5,,,,,
Pokemon all over rage tshirt,YB 5,,,,,
Gant USA sheild logo sweatshirt,YB 5,,,,,
Do nothing sweatshirt,YB 5,,,,,
Pearls single stitch phrase graphic tshirt,SSL Grey Tub Master,,,,,
Camel silhouette graphic tshirt,SSL Grey Tub Master,,,,,
CHARGERS 1994 AFC Nutmeg Tshirt,SSL Grey Tub Master,,,,,
Cowboys Mesh CSA Tshirt,SSL Grey Tub Master,,,,,
Wolf forest graphic gildan tshirt,SSL Grey Tub Master,,,,,
Gallagher autograph large graphic tshirt,SSL Grey Tub Master,,,,,
USA Flag Polo short-sleeved,SSL Grey Tub Master,,,,,
Blue multi color collar red horse polo,SSL Grey Tub Master,,,,,
I said the Schmitt House graphic Christmas tshirt,SSL Grey Tub Master,,,,,
Nike Athletics yellow swish logo spellout tshirt white tag,SSL Grey Tub Master,,,,,
Luke Bryan 2014 concert tshirt,SSL Grey Tub Master,,,,,
Ebay 99 tour tshirt graphic,SSL Grey Tub Master,,,,,
J and M Cage and Cardroom Pioneer square graphic tshirt,SSL Grey Tub Master,,,,,
Virginia Slims Imch Ruler graphic tshirt,SSL Grey Tub Master,,,,,
ST Louis Cardinals bird graphic logo tshirt,SSL Grey Tub Master,,,,,
Big dog 5 o'clock yellow NWT,SSL Grey Tub Master,,,,,
Big dog life a beach NWT,SSL Grey Tub Master,,,,,
Big Dog 5 o'clock green NWT,SSL Grey Tub Master,,,,,
Florida Georgia Line graphic tshirt,SSL Grey Tub Master,,,,,
Rascal Flatts 2014 graphic tshirt,SSL Grey Tub Master,,,,,
Hug & ¬Ω pink purple white bullseye sleeper,SSL Grey Tub Master,,,,,
California embossed single stitch t-shirt white grey,SSL Grey Tub Master,,,,,
Nike Athletics spellout graphic white red,SSL Grey Tub Master,,,,,
"Nike tri color Mid stripe swoosh embroidered logo blue, navy blue grey white",SSL Grey Tub Master,,,,,
Pink Wrangler vintage,SSL Grey Tub Master,,,,,
Colorado Rockies Cutoff,SSL Grey Tub Master,,,,,
Black zip mini skirt London london,SSL Grey Tub Master,,,,,
Disney Exclusive Polo XL Navy blue,Black Red Handle Master,,,,,
BBCHS Graphic Modified sweatshirt,Black Red Handle Master,,,,,
Van Grey Chino Shorts,Black Red Handle Master,,,,,
Levi's Pearl Snap small,Black Red Handle Master,,,,,
LL Bean Nylon Suit Blue,Black Red Handle Master,,,,,
Missouri Hoodie T-shirt,Black Red Handle Master,,,,,
Stanford Hoodie Zip Up,Black Red Handle Master,,,,,
Dog Cat turtleneck graphic sweatshirt,Black Red Handle Master,,,,,
St John Bay Denim Jacket,Black Red Handle Master,,,,,
Phi Beta Victoria Secret multi stripe color sleeper,Black Red Handle Master,,,,,
Merry Christmas cat tshirt,Black Red Handle Master,,,,,
Spring Training Arizona cactus graphic,Black Red Handle Master,,,,,
Orange rustic Big Dog T-shirt,Black Red Handle Master,,,,,
Pismo Beach surfing T-shirt,Black Red Handle Master,,,,,
Pike Place Fish tshirt,Black Red Handle Master,,,,,
American Big Dog Home of Big tshirt,Black Red Handle Master,,,,,
Eagle Watch pink graphic T-shirt,Black Red Handle Master,,,,,
All I do Is Win Jordan Tshirt,Black Red Handle Master,,,,,
Superman graphic T-shirt,Black Red Handle Master,,,,,
Cookie Monster face graphic T-shirt,Black Red Handle Master,,,,,
Anias We arm ourself graphic T-shirt,Black Red Handle Master,,,,,
Nader Tshirts,Black Red Handle Master,,,,,
Lucky monkey casino tshirt,Black Red Handle Master,,,,,
Homer Dad Tshirt,Black Red Handle Master,,,,,
Big dog green tshirt,Black Red Handle Master,,,,,
Big dog surf company tshirt,Black Red Handle Master,,,,,
Puma Ferrari,Black Red Handle Master,,,,,
Club Bermuda,Black Red Handle Master,,,,,
Hardrock Cabo and Puerto,Black Red Handle Master,,,,,
Fallen Heroes,Black Red Handle Master,,,,,
Blink One Eighty Two 182,Black Red Handle Master,,,,,
Black ops call of duty,Black Red Handle Master,,,,,
Lululemon grey,Black Red Handle Master,,,,,
Buddy Stubb's Harley,Black Red Handle Master,,,,,
Monaco grand Prix polo,Black Red Handle Master,,,,,
Hang Ten Vintage,Black Red Handle Master,,,,,
Elton John yellow Brick Road,Black Red Handle Master,,,,,
Dragon Rock Eagle Tshirt,Black Red Handle Master,,,,,
Large Witch flag,YB 9 Master ,,,,,
Black Granny Square,YB 9 Master ,,,,,
Roberta di Camerino italy bag,YB 9 Master ,,,,,
Maroon white checkered pom beanie,YB 9 Master ,,,,,
Straw bucket hat,YB 9 Master ,,,,,
Red crochet beanie,YB 9 Master ,,,,,
Hello Kitty Towel with tags,YB 9 Master ,,,,,
Dallas Cowboy Beach towel large,YB 9 Master ,,,,,
Hard Rock cafe beach towel large,YB 9 Master ,,,,,
Multi color 72x42 multi color granny,YB 9 Master ,,,,,
Champion bag,YB 9 Master ,,,,,
Reebok fanny pack walk,YB 9 Master ,,,,,
Dallas Cowboy towel 2nd one,YB 9 Master ,,,,,
"Mickey oven mitt , kitchen towel , washcloth",YB 9 Master ,,,,,
Wrestling Mania 2023 Tshirt YB i1,YB i Under 1,,,,,
Blonde Cat Sweatshirt YB i2,YB i Under 1,,,,,
PINK NIKE TANK YB i3,YB i Under 1,,,,,
Dream Sifin Purple Graphic üç¶ YB i4,YB i Under 1,,,,,
New York Statue üóΩ tshirt YB i5,YB i Under 1,,,,,
Modi 1980s women's sweater YB i6,YB i Under 1,,,,,
Pluto Baby Onsie Costume YB i7,YB i Under 1,,,,,
Sweatshirt umbrella people YB i8,YB i Under 1,,,,,
Tee Time USA Large Cats T-shirt YB i9,YB i Under 1,,,,,
Harris Casuals Golf Plaid vintage YB i10,YB i Under 1,,,,,
Levi's Cutoffs No Tag Levi's Red YB i11,YB i Under 1,,,,,
Frantic Denim Flower Skirt YB i12,YB i Under 1,,,,,
Vintage Pipeline purple aztec YB i13,YB i Under 1,,,,,
Princeton Tigers Patch sweatshirt YB i14,YB i Under 1,,,,,
Nike ACG running shorts YB i15,YB i Under 1,,,,,
Willie Nelson Whiskey Bar Tshirt YB i16,YB i Under 1,,,,,
Led Zeppelin anvil Tear label YB i17,YB i Under 1,,,,,
Nashville Dogs Graphic Double sided YB i18,YB i Under 1,,,,,
Hawaii Puka Dog Graphic Double sided YB i19,YB i Under 1,,,,,
Pride Sun Glasses graphic Gay YB i20,YB i Under 1,,,,,
"Vintage Taz, Marvin The Martian Embroidered Button up YB i21",YB i Under 1,,,,,
Jen Tree of Life graphic t YB i22,YB i Under 1,,,,,
Ched Anvil native American Phoenix YB i23,YB i Under 1,,,,,
KREW skateboard sweatshirt YB i24,YB i Under 1,,,,,
Pokemon championship staff tshirt YB i25,YB i Under 1,,,,,
Jordan Jumpman embroidered t YB i26,YB i Under 1,,,,,
Gas monkey tshirt YB i27,YB i Under 1,,,,,
Country Thunder orange T-shirt YB i28,YB i Under 1,,,,,
Portland trailblazers adidas clima YB i29,YB i Under 1,,,,,
John Elway Thanks T YB i30,YB i Under 1,,,,,
Simpsons Are we there yet YB i31,YB i Under 1,,,,,
‚Å∏Jerzees palm tree 80s vibe sweatshirt,YB 7 Master,,,,,
Pink arizona Hazelwood sweatshirt,YB 7 Master,,,,,
Honeywell mj softer sweatshirt,YB 7 Master,,,,,
Santa Clause classic cotton armor sweatshirt,YB 7 Master,,,,,
Joe jeans women skirt,YB 7 Master,,,,,
Levis 517 relaxed orange tab vintage black,YB 7 Master,,,,,
Vintage cherry Stix sweater black white checker,YB 7 Master,,,,,
Nike air swoosh big spellout black grey,YB 7 Master,,,,,
Colorado cu Buffalo graphic champion sweatshirt,YB 7 Master,,,,,
Alpha technologies tshirt belton tag,YB 7 Master,,,,,
Denver Broncos tshirt Lee tag,YB 7 Master,,,,,
Monday italy sweater,YB 7 Master,,,,,
M&M big graphic m&m tag,YB 7 Master,,,,,
Pittsburgh Steelers yellow lee sport tag,YB 7 Master,,,,,
Alore tie dye usa one size,YB 7 Master,,,,,
Mount Rushmore tshirt maroon,YB 7 Master,,,,,
Le tigre aztec print t-shirt,YB 7 Master,,,,,
US 99 FM country fruit of the loom tshirt,YB 7 Master,,,,,
Bryce canyon Utah native american horse,YB 7 Master,,,,,
Terry Labonte Kellogs large print tshirt,YB 7 Master,,,,,
Vintage IOU purple mock neck sweater,YB 7 Master,,,,,
Ivy Park Blue sweatshirt,YB 7 Master,,,,,
Rising International Multicolor patchwork,YB 7 Master,,,,,
Alfredo's Wife Pink studded skirt,YB 7 Master,,,,,
Joker all over print Tshirt,YB 7 Master,,,,,
Bonnaroo Music Festival 2017 Tshirt,YB 7 Master,,,,,
Telluride Marijuana long sleeve tshirt,YB 7 Master,,,,,
Bart Homer Simpsons Ho-Ho Christmas Tshirt,YB 7 Master,,,,,
Cisco systems tshirt,YB 7 Master,,,,,
Volcom Purple Lady graphic tanktop,YB 7 Master,,,,,
Victoria Sport Black Hoodie zipup jacket,YB 7 Master,,,,,
Marantz 8 track powers on 15 pounds,Grey 2 Misc Bgarage,,,,,
Brass Unicorn poshmark,Grey 2 Misc Bgarage,,,,,
Halloween witch felt placemats poshmark,Grey 2 Misc Bgarage,,,,,
Rocking horse plush poshmark,Grey 2 Misc Bgarage,,,,,
Cat Fish metal coat hanger,Grey 2 Misc Bgarage,,,,,
"Misc diecast cars 1970 challenger, Cadillac, Porsche needs listing",Grey 2 Misc Bgarage,,,,,
Ceramic turtle silver metal,Grey 2 Misc Bgarage,,,,,
Vintage Triplett Model 310 Type 4 VOM,Grey 2 Misc Bgarage,,,,,
Turtle brass pot holder,Grey 2 Misc Bgarage,,,,,
Rocky Mountain vinyl record felt cleaner,Grey 2 Misc Bgarage,,,,,
Cassette converter,Grey 2 Misc Bgarage,,,,,
Stamp book Steve's old and new,Grey 2 Misc Bgarage,,,,,
Maui gecko tshirt L,Green Lid Clear Master,,,,,
Politically Incorrect tanktop jerzees L,Green Lid Clear Master,,,,,
Pittsburgh Steelers tie dye NFL XL,Green Lid Clear Master,,,,,
Jesus Tshirt Religious Delta Pro 2XL,Green Lid Clear Master,,,,,
I'm Here For the Boos tshirt with tags L,Green Lid Clear Master,,,,,
Killswitch Engage tanktop,Green Lid Clear Master,,,,,
Everglades Holiday Park AOP Gator,Green Lid Clear Master,,,,,
Tie Dye Alaska Peace Sign Tshirt XL,Green Lid Clear Master,,,,,
Book Cats life is sweet Tshirt M,Green Lid Clear Master,,,,,
Bethany Luthern Religious Church Tshirt,Green Lid Clear Master,,,,,
Hustler OG 2 women Tshirt XL,Green Lid Clear Master,,,,,
Embroidered Halloween shirt,Green Lid Clear Master,,,,,
US Women's Open 1998 Blackwolf Run Pullover,Green Lid Clear Master,,,,,
BLACK USA Made Levi's 501 40x30,Green Lid Clear Master,,,,,
Blue,Green Lid Clear Master,,,,,
Blue USA Made Levi's 501 35x32,Green Lid Clear Master,,,,,
Vintage Wrangler Distressed 33x30,Green Lid Clear Master,,,,,
Harley Buddy Stubbs Anthem tshirt,Green Lid Clear Master,,,,,
Nike White Tag USA L tanktop big back swoosh,Green Lid Clear Master,,,,,
John Deere yellow tshirt,Green Lid Clear Master,,,,,
New York Broadway vintage tshirt,Green Lid Clear Master,,,,,
Bengal Tigers Tshirt,Green Lid Clear Master,,,,,
California fluorescent tshirt,Green Lid Clear Master,,,,,
Greetings Dog sniffing other dog butt T,Green Lid Clear Master,,,,,
Sanfrancisco Embroidered Tshirt,Green Lid Clear Master,,,,,
Maui United soccer club tshirt,Green Lid Clear Master,,,,,
Afro Ken Tshirt large girl shirt,Green Lid Clear Master,,,,,
Gretsch Guitar Amp tshirt,Green Lid Clear Master,,,,,
Harley-Davidson Red Hot smoking hot firefighter & hogs double-sided graphic,Green Lid Clear Master,,,,,
Cat all over print long sleeve tshirt India,Green Lid Clear Master,,,,,
Voltron Dadfender Season 7 Tshirt,Green Lid Clear Master,,,,,
Women want me sweatshirt,YB 10 Master,,,,,
Green pluma nwt tshirt vintage (on speaker),YB 10 Master,,,,,
Mikey Minnie dress girl disney,YB 10 Master,,,,,
Ralph Lauren polo sailboat,YB 10 Master,,,,,
Muk light blue velvet nwt sweatshirt,YB 10 Master,,,,,
Bungie destiny game tshirt,YB 10 Master,,,,,
AC DC rap tshirt WCW tag vintage (on speaker),YB 10 Master,,,,,
Kiss tie dye final tour ever 2xl gildan no size tshirt,YB 10 Master,,,,,
Kiss Large print tshirt one sided,YB 10 Master,,,,,
Pittsburgh Penguins CCM lace pullover,YB 10 Master,,,,,
Billabong Hoodie zipup black logo,YB 10 Master,,,,,
Texas University Hoodie Russell Athletic hoodie,YB 10 Master,,,,,
Nike Air Jordan Reversible jersey #8,YB 10 Master,,,,,
Vintage orange tab levis bell bottoms flare,YB 10 Master,,,,,
Fresh produce,YB 10 Master,,,,,
Burberry jeans mens,YB 10 Master,,,,,
Nike Large swoosh shorts with tags,YB 10 Master,,,,,
Callaway ¬º zip pullover sweatshirt xl,YB 10 Master,,,,,
Billabong blue black grey white jacket,YB 10 Master,,,,,
Levis grey 36 32 540 orange tab,YB 10 Master,,,,,
Harley green women's top,YB 10 Master,,,,,
Purple birdhouse tshirt,YB 10 Master,,,,,
Hard rock Hollywood,YB 10 Master,,,,,
Hard Rock Boston / Sanfrancisco bundle,YB 10 Master,,,,,
GAP SPELLOUT hoodie fleece,YB 10 Master,,,,,
Women's 550 vintage Levi's size 8,YB 10 Master,,,,,
Athletic Works Hoodie side arm pocket,YB 10 Master,,,,,
1carol d California plates,Long Clear Thin Bgarage ,,,,,
Vintage Tonka lot,Long Clear Thin Bgarage ,,,,,
Ford mug,Long Clear Thin Bgarage ,,,,,
Tony Stewart mug,Long Clear Thin Bgarage ,,,,,
Cat doll red fur,Long Clear Thin Bgarage ,,,,,
Large Seattle superbowl handle mug,Long Clear Thin Bgarage ,,,,,
Hello kitty black doll,Long Clear Thin Bgarage ,,,,,
Small crystal vase,Long Clear Thin Bgarage ,,,,,
Russ berrie funny small desk figures,Long Clear Thin Bgarage ,,,,,
Christmas tree skirt crochet,YB 17 Purple Rm,,,,,
ABC alphabet knit sweater,YB 17 Purple Rm,,,,,
City Players Starter basketball,YB 17 Purple Rm,,,,,
Bad Dog all over print distressed tshirt,YB 17 Purple Rm,,,,,
Kansas City Cheifs NFL Charles jersey,YB 17 Purple Rm,,,,,
Kandel Cheerleader outfit vintage,YB 17 Purple Rm,,,,,
Foo Fighters graphic tshirt mexico tag,YB 17 Purple Rm,,,,,
Ez gear stripe tshirt xl,YB H,,,,,
Purple Hazelwood cowboy boots XXL tshirt,YB H,,,12,33.23,
White Jerzees Bowling tshirt xl,YB H,,,,,
Blue bum equipment xl T-shirt,YB H,,,,,
Dallas Cowboys Fuck Haters 3XL,YB H,,,,,
Pro Club,YB H,,,,,
Pluma Green 2xl NWT tshirt,YB H,,,,,
AC DC L WCW tshirt,YB H,,,,,
New Balance Blue Yellow nylon track pants M,YB H,,,,,
Country Thunder I'm Here for party tanktop M,YB H,,,,,
University South Dakota Distressed Red signal sports XL,YB H,,,,,
United Postal Service Tshirt L,YB H,,,,,
Orange Phoenix graphic Arizona tanktop L,YB H,,,,,
Adelita Bar Tijuana no tag red tshirt,YB H,,,,,
Stafford Blaine have a heart tshirt L,YB H,,,,,
Shoebox greetings teacher Tshirt no tag,YB H,,,,,
Apollo 13 fruit of loom Tshirt L,YB H,,,,,
Daybreeze heart graphic with tags L,YB H,,,,,
Honors pucker up tshirt L tags,YB H,,,,,
Peacock pink Birthday girl,YB H,,,,,
Omen TV sweatshirt XL,YB H,,,,,
Art Unlimited Sports wear eagle graphic Henley XL,YB H,,,,,
Blue Jerzees sweatshirt L,YB H,,,,,
Green Horse Winona faded tag,YB H,,,,,
Nike dri fit 4xl tshirt NWT,YB H,,,,,
Crazy for chocolate XXL tshirt,YB H,,,,,
Chocoholic crazy tshirt XXL,YB H,,,,,
Towncraft 2xl NWT Pocket tshirt,YB H,,,,,
Christmas Duck the Halls sweatshirt freestyle large women's,YB H,,,,,
White Jerzees reindeer sweatshirt L women's,YB H,,,,,
KPCC FM 89.3 Sweatshirt,YB H,,,,,
Black Slipknot v neck modify cut,YB H,,,,,
Turquoise AT & T sweatshirt Haynes XL,YB H,,,,,
White America 3 Americas Cup 1992 tshirt L,YB H,,,,,
Patios names jamica tshirt L,YB H,,,,,
White Jockey undershirt L,YB H,,,,,
Mighty eight screen stars L,YB H,,,,,
Mighty eight screen stars XL,YB H,,,,,
White Hilfiger XL tshirt circle graphic,YB H,,,,,
Los Cabos fish graphic kanan banana XL,YB H,,,,,
Flower graphic T-shirt anvil XL tag,YB H,,,,,
Yo lighten up Christmas tshirt xl,YB H,,,,,
Burgundy Arizona State champion hoodie M,YB H,,,,,
Blue Black primitive dragon ball hoodie,YB H,,,,,
Casual Corners Wool Button up Female cardigan vintage no size tag,YB H,,,,,
Simpsons XL Universal Are We There H1,YB H,,,,,
Black & White stripe Levi's tshirt,YB A,,,,,
knights of columbus,YB A,,,,,
Roger Watters 2018 Tshirt no tag xxl,YB A,,,,,
2pac Jeans,YB A,,,,,
Humming Bird Levi's denim vest,YB A,,,,,
GUESS vest,YB A,,,,,
Ohio state Black Tshirt delta leave it,YB A,,,,,
Peanuts Halloween,YB A,,,,,
Harley Women's black orange tank,YB A,,,,,
Hubba lubba dub dub Rick morty black,YB A,,,,,
Blonde Tshirt,YB A,,,,,
OP Pink White Blue shorts,YB A,,,,,
Nebraska helmet embroidered Tshirt,YB A,,,,,
Us open surfing tshirt,YB A,,,,,
Yellow tweety on motorcycle,YB A,,,,,
Black Nike sweatpants w florescent green,YB A,,,,,
Arizona Tweety tshirt,YB A,,,,,
Levi's 10 ms long jeans,YB A,,,,,
Discovery Elephant Tshirt,YB A,,,,,
Nike Golf pullover Medium Embroidered,YB A,,,,,
Nike Golf Red strip polo XL,YB A,,,,,
Bugleboy long sleeve photo pocket,YB A,,,,,
Pink Script Hoodie,YB A,,,,,
Boss Orange Label blue or black sweater,YB A,,,,,
Calvin women jeans,YB A,,,,,
Chic women jeans,YB A,,,,,
Hot in Hollywood purple sealed jacket,YB A,,,,,
Napoleon Dynamite computer graphic L,YB A,,,,,
Napoleon Dynamite Tima Lard L,YB A,,,,,
Man's first video L,YB A,,,,,
Suns Cadre Athletic embroidered M,YB A,,,,,
Chick's Dig guys with skills graphic tshirt,YB A,,,,,
Adidas USA zipup hoodie XL,YB A,,,,,
Rio sweatshirt XL,YB A,,,,,
Polo Golf Red & Blue XL collar,YB A,,,,,
Jerzees nu blend isa made sweatshirt blue,YB A,,,,,
Wicked Ale long sleeve,YB F,,,,,
Robert Comstock long sleeve turtle,YB F,,,,,
Team Bring it Wwe Rock,YB F,,,,,
Axp sweatshirt,YB F,,,,,
Snowbirds,YB F,,,,,
Territory Ahead ¬Ω button thermal shirt,YB F,,,,,
BLACK Darth Vader tshirt,YB F,,,,,
Boondocks Saints tshirt,YB F,,,,,
Arizona Western Tradition sweatshirt,YB F,,,,,
Scooby-Doo in pocket tshirt,YB F,,,,,
Kobe Lakers 2009 NBA Championship adidas short sleeve,YB F,,,,,
UCLA fleece hoodie team apparel bear embroidered,YB F,,,,,
Harley Prescott Whiskey Row Long sleeve,YB F,,,,,
Buffalo Bills sweatshirt NFL,YB F,,,,,
Greenbay Packers XXL spellout made in Greenbay,YB F,,,,,
Lakers GIII Carl Banks,YB F,,,,,
Bruce Springsteen The rising tshirt,YB F,,,,,
Hemlock Metal band skull tshirt,YB F,,,,,
Infusion nuclear tshirt,YB F,,,,,
Ohio state double embroidered spellout CS tag,YB F,,,,,
Turquoise laughlin,YB F,,,,,
Brown Outrigger Hawaii canoe,YB F,,,,,
Black Outrigger Hawaii canoe,YB F,,,,,
California RideShare single stitch t-shirt,YB F,,,,,
Opera Metropolitan green tshirt gear,YB F,,,,,
Dallas Cowboy pro player tshirt,YB F,,,,,
Adidas red mock turtleneck,YB F,,,,,
Hussongs ensenada tshirt,YB F,,,,,
St Andrew's Golf Players Van Huesen sweatshirt green xl,YB 16,,,,,
Thrashed Polo Rugby patch sleeves stripe pullover,YB 16,,,,,
Baseball Van Huesen sweatshirt,YB 16,,,,,
Eddie Bauer Thrashed Vintage ore sweatshirt,YB 16,,,,,
Rei hiking shorts vintage,YB 16,,,,,
Guinness Dublin logo scarf,YB 16,,,,25.66,
Sarcasm tshirt family guy,Green 2 Bgarage ,,,,,
Adidas sweatshirt,Green 2 Bgarage ,,,,,
Gecko hawaii tshirt,Green 2 Bgarage ,,,,,
Dragon shirt,Green 2 Bgarage ,,,,,
Skater tshirt,YBX,,,,,
Illinois sweatshirt,YBX,,,,,
Bulls tshirt,Green 2 Bgarage ,,,,,
chuck Knoblauch Twins tshirt,YBX,,,,,
Mardi gra tshirt,Green 2 Bgarage ,,,,,
Dallas Boys tanktop,Green 2 Bgarage ,,,,,
Pink Cubs tshirt,Green 2 Bgarage ,,,,,
Tie dye snoopy tshirt,Green 2 Bgarage ,,,,,
Jinx tshirt,Green 2 Bgarage ,,,,,
Fireball Tshirt,Green 2 Bgarage ,,,,,
Out of the blue beer tshirt,Green 2 Bgarage ,,,,,
Fila embrordier small spellout Tshirt x2,Green 2 Bgarage ,,,,,
San Antonio jacket,Green 2 Bgarage ,,,,,
Gloria Vanderbilt shorts,Green 2 Bgarage ,,,,,
Run rum can't make out second word,YBX,,,,,
Bonjour jean skirt,Green 2 Bgarage ,,,,,
Nike shorts,YBX,,,,,
Jordache jeans,Green 2 Bgarage ,,,,,
Betty Boop tshirt,Green 2 Bgarage ,,,,,
Arizona Wildcats script no tag tshirt,Green 2 Bgarage ,,,,,
Suns Gorilla tshirt smoke free,Green 2 Bgarage ,,,,,
Nebraska Big N Tshirt,Green 2 Bgarage ,,,,,
Philadelphia Eagles sweatshirt,Green 2 Bgarage ,,,,,
Gant Green sweatshirt,Green 2 Bgarage ,,,,,
Voodoo Cafe tshirt,Green 2 Bgarage / YBX,,,,,
Pechiss 3 ass tshirt,Green 2 Bgarage ,,,,,
Joe boxer 8 ball,Green 2 Bgarage ,,,,,
ATB White Polo,Green 2 Bgarage ,,,,,
Snoopy Tshirt,Green 2 Bgarage ,,,,,
Marvel all super heroes tshirt vintage,Green 2 Bgarage ,,,,,
Tommy hilfiger 3 stripe tank,Green 2 Bgarage ,,,,,
Detroit Lions sweatshirt vintage reebok,Green 2 Bgarage ,,,,,
Chevelle native american azrec denim overcoat,YB 12 Master,,,,,
Military camo jacket,YB 12 Master,,,,,
Blue long coat Norm Thompson,YB 12 Master,,,,,
3 cosplay Renaissance shirts,YB 12 Master,,,,,
Vivaldi denim usa long vest,YB 12 Master,,,,,
2006 suns orange playoffs tshirt,YB 12 Master,,,,,
Merry sithmas vader,YB 12 Master,,,,,
Polo orange green sky blue horse usa ralph,YB 12 Master,,,,,
Blast tshirt,YB 12 Master,,,,,
Purple lake Havasu,YB 12 Master,,,,,
Black white art graphic possible peacock design single stitch,YB 12 Master,,,,,
Yoda judge ny size kids tshirt,YB 12 Master,,,,,
Ink inc guitar tshirt bundle,YB 12 Master,,,,,
Boy Scouts Geronimo troop 442 tshirt,YB 12 Master,,,,,
Palm Aire body tshirt Black,YB 12 Master,,,,,
Pendleton Wool with tag skirt,YB 12 Master,,,,,
Jacks Surfboards grey sweatshirt,YB 12 Master,,,,,
Woolrich wool sweater,YB 12 Master,,,,,
Eagles NFL Tag Sweatshirt,YB 12 Master,,,,,
Jon E 1 80s acrylic sweater,YB 12 Master,,,,,
Jordan joggers sweatpants Back pocket,YB 12 Master,,,,,
Duke Lacrosse Sweatshirt Hoodie,YB 12 Master,,,,,
Rolling Stones Cheetah tongue hoodie,YB 12 Master,,,,,
"Watch Lot Anne Klein, Pulsar, Seiko Women",WCD1,,,,,
Kandel Cheerleading outfit,YZ,,,,,
Great Northwest Crew neck Christmas 2XL,YZ,,,,,
The Mob ABC sweater ,YZ,,,,,
Artex Sportswear PHX Suns M,YZ,,,,,
Princeton Lacrosse Russell Hoodie XL,YZ,,,,,
Mervyn's Cheetah XXL Blue Green Red White 1/4 zip,YZ,,,,,
Black Adidas Adventure Hoodie 2XL,YZ,,,,,
Nike Center Swoosh Fleece Hoodie L,YZ,,,,,
vintage Jerzees by Russell humor fitness single ,YZ,,,,,
Dalmatian Valentine vest,YZ,,,,,
Halloween skeleton vest,YZ,,,,,
Nike Pink half shirt ,YZ,,,,,
Good Intentions Sweatshirt Hoodie XL,YZ,,,,,
Detroit Lions Jersey Female Vintage #20 Rawlings ,YZ,,,,,
Sturgis 2021 glidan Long Sleeve XL,YZ,,,,,
Michigan Long Nike Center Vintage Graphic ,YZ,,,,,
Billabong Sleeve graphics logo Sweatshirt ,YZ,,,,,
Nike Swim shorts Grey Black Nike side Spellout XL,YZ,,,,,
Nike Swim shorts Grey orange  orange Swoosh ,YZ,,,,,
Nike Dri Fit Therma Training Hoodie Fleece Lined Black 932022-010,YZ,,,,,
Mortensen more than Math,Single Garage,,,,,
Route 66 Original Sign Metal,SG Green Red Lid Wall Decor Tub,,,,,
All Marvel Wood Wall Decor,SG Green Red Lid Wall Decor ,,,,,
clear camera underwater cases,SG Green Red Lid Wall Decor ,,,,,
Xbox Power Supply OEM,SG Green Red Lid Wall Decor ,,,,,
Harley Davidson Tin Sign,SG Green Red Lid Wall Decor ,,,,,
Most Car Badges Ebay,SG Green Red Lid Wall Decor ,,,,,
Chicago Bears Poster Orange Frame ,SG Green Red Lid Wall Decor ,,,,,
Mikita Blue Hard Case ,SG Green Red Lid Wall Decor ,,,,,
Marlboro Coleman Cooler,SG Green Red Lid Wall Decor ,,,,,
Bolo metal tip tie,Black MB Drawer ,,,,,
Ace Of Spades Heart gem lighter ,Black MB Drawer ,,,,,
Pisces Brass belt buckle,Black MB Drawer ,,,,,
Nike Mesh Reversible Tank,Grey 6,,,,,
native American fleece wool blanket ,SG Green Clear 10,,,,,
Denver Broncos fleece blanket ,SG Green Clear 10 ,,,,,
Christmas Green Red crochet skirt,SG Green Clear 10 ,,,,,
native American Indians folk art dark ,SG Yellow Lid 1,,,,,
purple curlers,SG Yellow Lid 1 ,,,,,
cutco butcher block ,SG Yellow Lid 1 ,,,,,